test_taker_id,sent,rater01,rater02,rater03,rater04,rater05
KR_001_1_004,1,3,3,3,3,3
KR_004_1_004,1,2,3,3,3,3
KR_005_1_004,1,3,3,2,3,2
KR_008_1_004,1,3,3,3,3,3
KR_010_1_004,1,3,3,3,3,3
KR_011_1_004,1,3,4,3,4,4
KR_014_1_004,1,1,2,2,2,2
KR_015_1_004,1,3,3,3,3,3
KR_019_1_004,1,3,3,3,3,3
KR_020_1_004,1,3,4,4,4,4
KR_024_1_004,1,3,4,4,4,3
KR_025_1_004,1,3,3,3,3,3
KR_028_1_004,1,3,3,3,3,3
KR_030_1_004,1,4,4,4,4,4
KR_031_1_004,1,3,3,3,3,3
KR_034_1_004,1,4,4,2,4,3
KR_035_1_004,1,2,3,3,3,2
KR_038_1_004,1,2,3,3,3,3
KR_040_1_004,1,2,3,3,2,3
KR_041_1_004,1,3,3,3,3,3
KR_043_1_004,1,3,3,3,4,3
KR_044_1_004,1,4,5,5,5,5
KR_045_1_004,1,4,4,4,4,5
KR_046_1_004,1,3,4,4,4,4
KR_049_1_004,1,4,3,3,3,4
KR_052_1_004,1,3,3,3,3,4
KR_054_1_004,1,4,3,4,4,4
KR_055_1_004,1,3,3,3,3,3
KR_056_1_004,1,3,4,3,4,5
KR_058_1_004,1,4,5,5,5,5
KR_060_1_004,1,3,3,3,3,3
KR_063_1_004,1,3,3,3,3,3
KR_066_1_004,1,2,3,3,2,2
KR_068_1_004,1,3,3,3,3,3
KR_070_1_004,1,3,4,5,5,4
KR_071_1_004,1,4,4,5,4,4
KR_074_1_004,1,3,3,3,4,3
KR_077_1_004,1,3,4,3,3,3
KR_080_1_004,1,4,4,5,4,4
KR_082_1_004,1,3,3,3,3,3
KR_083_1_004,1,3,4,3,4,4
KR_086_1_004,1,4,4,5,5,4
KR_088_1_004,1,3,4,3,4,4
KR_089_1_004,1,3,4,3,4,4
KR_092_1_004,1,4,4,4,4,4
KR_093_1_004,1,3,3,3,3,3
KR_095_1_004,1,3,4,4,4,4
KR_097_1_004,1,3,4,4,4,4
KR_098_1_004,1,3,3,3,3,3
KR_100_1_004,1,3,3,4,3,3
KR_102_1_004,1,3,3,2,2,3
KR_103_1_004,1,3,3,2,3,3
KR_104_1_004,1,3,3,3,3,3
KR_114_1_004,1,5,4,5,5,5
KR_115_1_004,1,4,4,4,4,4
KR_116_1_004,1,3,3,3,4,3
KR_117_1_004,1,5,5,5,4,5
KR_120_1_004,1,3,4,4,4,4
KR_121_1_004,1,3,3,2,2,3
KR_122_1_004,1,2,3,3,2,3
KR_123_1_004,1,2,3,2,2,2
KR_125_1_004,1,3,3,3,3,3
KR_126_1_004,1,3,3,3,3,4
KR_129_1_004,1,2,3,3,2,2
KR_131_1_004,1,2,3,2,3,4
KR_135_1_004,1,2,2,2,2,2
KR_137_1_004,1,4,4,4,5,5
KR_138_1_004,1,3,4,3,3,3
KR_139_1_004,1,2,2,2,3,3
KR_140_1_004,1,3,4,4,4,4
KR_142_1_004,1,3,4,3,3,3
KR_143_1_004,1,2,2,2,2,3
KR_144_1_004,1,2,3,2,2,3
KR_145_1_004,1,3,3,3,3,4
KR_146_1_004,1,2,3,2,2,3
KR_147_1_004,1,3,3,3,4,3
KR_149_1_004,1,2,2,2,2,3
KR_150_1_004,1,3,3,2,3,4
KR_154_1_004,1,4,4,3,4,5
KR_156_1_004,1,2,2,2,2,2
KR_157_1_004,1,4,4,4,5,4
KR_162_1_004,1,2,3,3,3,3
KR_166_1_004,1,4,4,5,4,4
KR_168_1_004,1,5,5,5,4,5
KR_170_1_004,1,4,4,4,5,4
KR_173_1_004,1,5,5,5,5,5
KR_175_1_004,1,4,4,5,4,4
KR_178_1_004,1,4,4,4,4,4
KR_179_1_004,1,3,4,4,5,4
KR_180_1_004,1,3,3,3,3,3
KR_181_1_004,1,5,4,5,5,5
KR_183_1_004,1,4,4,3,4,3
KR_189_1_004,1,3,4,3,3,3
KR_191_1_004,1,4,4,4,3,3
KR_192_1_004,1,4,5,4,4,4
KR_193_1_004,1,3,4,4,3,3
KR_196_1_004,1,4,4,3,4,4
KR_197_1_004,1,3,4,3,3,3
KR_198_1_004,1,3,4,3,4,4
KR_199_1_004,1,3,3,2,3,2
KR_001_1_008,2,3,2,2,3,3
KR_004_1_008,2,3,2,2,3,2
KR_005_1_008,2,3,2,2,3,2
KR_008_1_008,2,3,3,3,4,3
KR_010_1_008,2,2,3,2,3,3
KR_011_1_008,2,3,3,3,3,3
KR_014_1_008,2,1,2,2,2,2
KR_015_1_008,2,3,3,3,3,3
KR_019_1_008,2,2,2,2,3,3
KR_020_1_008,2,3,4,3,4,3
KR_024_1_008,2,3,4,3,3,3
KR_025_1_008,2,2,3,3,3,3
KR_028_1_008,2,3,3,3,3,3
KR_030_1_008,2,3,4,3,3,3
KR_031_1_008,2,3,3,2,3,4
KR_034_1_008,2,4,4,3,4,4
KR_035_1_008,2,3,2,3,3,3
KR_038_1_008,2,3,3,3,3,3
KR_040_1_008,2,2,2,2,2,2
KR_041_1_008,2,3,3,3,3,3
KR_043_1_008,2,3,3,3,4,4
KR_044_1_008,2,5,4,5,5,5
KR_045_1_008,2,3,4,4,4,4
KR_046_1_008,2,3,3,2,3,4
KR_049_1_008,2,3,3,3,3,3
KR_052_1_008,2,4,4,3,4,3
KR_054_1_008,2,3,4,3,3,3
KR_055_1_008,2,3,3,3,3,4
KR_056_1_008,2,3,3,3,4,3
KR_058_1_008,2,3,5,4,5,5
KR_060_1_008,2,4,3,3,3,4
KR_063_1_008,2,3,2,2,3,3
KR_066_1_008,2,3,3,3,3,3
KR_068_1_008,2,3,3,3,3,3
KR_070_1_008,2,4,5,4,5,5
KR_071_1_008,2,4,4,3,4,4
KR_074_1_008,2,3,3,2,3,3
KR_077_1_008,2,3,3,3,4,4
KR_080_1_008,2,4,4,3,3,3
KR_082_1_008,2,3,3,3,3,3
KR_083_1_008,2,4,3,3,4,4
KR_086_1_008,2,3,4,3,3,4
KR_088_1_008,2,4,4,4,5,4
KR_089_1_008,2,3,4,3,5,4
KR_092_1_008,2,4,4,3,4,4
KR_093_1_008,2,3,3,3,3,4
KR_095_1_008,2,4,4,4,5,4
KR_097_1_008,2,4,4,4,4,4
KR_098_1_008,2,3,3,2,3,3
KR_100_1_008,2,2,3,2,3,3
KR_102_1_008,2,2,2,2,2,2
KR_103_1_008,2,3,2,2,3,3
KR_104_1_008,2,3,3,2,3,3
KR_114_1_008,2,5,5,5,4,5
KR_115_1_008,2,4,4,4,4,4
KR_116_1_008,2,3,3,3,3,3
KR_117_1_008,2,4,5,4,5,5
KR_120_1_008,2,3,3,3,3,4
KR_121_1_008,2,3,2,2,2,3
KR_122_1_008,2,2,2,3,3,3
KR_123_1_008,2,3,3,3,4,4
KR_125_1_008,2,3,3,3,3,3
KR_126_1_008,2,3,3,2,3,4
KR_129_1_008,2,3,3,2,3,3
KR_131_1_008,2,3,3,3,4,4
KR_135_1_008,2,2,2,2,2,3
KR_137_1_008,2,4,4,3,4,3
KR_138_1_008,2,4,4,5,5,4
KR_139_1_008,2,3,3,2,3,3
KR_140_1_008,2,4,3,3,4,3
KR_142_1_008,2,5,5,3,5,4
KR_143_1_008,2,3,2,2,2,3
KR_144_1_008,2,2,2,2,2,3
KR_145_1_008,2,3,3,3,3,3
KR_146_1_008,2,3,3,2,3,4
KR_147_1_008,2,3,3,2,3,4
KR_149_1_008,2,3,3,2,3,4
KR_150_1_008,2,3,2,2,3,3
KR_154_1_008,2,4,4,3,3,4
KR_156_1_008,2,2,2,2,2,3
KR_157_1_008,2,4,4,4,5,4
KR_162_1_008,2,3,3,3,3,3
KR_166_1_008,2,5,4,4,4,4
KR_168_1_008,2,4,4,4,5,5
KR_170_1_008,2,4,4,4,4,4
KR_173_1_008,2,5,5,5,5,5
KR_175_1_008,2,5,4,4,5,4
KR_178_1_008,2,4,4,4,4,4
KR_179_1_008,2,5,5,4,5,5
KR_180_1_008,2,3,4,3,3,3
KR_181_1_008,2,5,4,4,5,5
KR_183_1_008,2,4,4,3,4,5
KR_189_1_008,2,4,4,3,3,4
KR_191_1_008,2,4,4,4,4,4
KR_192_1_008,2,3,3,3,4,3
KR_193_1_008,2,4,3,3,4,4
KR_196_1_008,2,4,4,4,4,4
KR_197_1_008,2,3,4,3,4,4
KR_198_1_008,2,5,4,5,5,5
KR_199_1_008,2,2,2,2,2,2
KR_001_2_002,3,3,2,2,3,3
KR_004_2_002,3,3,2,2,3,3
KR_005_2_002,3,1,2,2,2,1
KR_008_2_002,3,3,3,3,3,4
KR_010_2_002,3,2,3,2,3,3
KR_011_2_002,3,2,3,2,2,3
KR_014_2_002,3,3,2,2,2,3
KR_015_2_002,3,3,3,2,3,3
KR_019_2_002,3,3,3,3,3,3
KR_020_2_002,3,4,4,5,3,5
KR_024_2_002,3,3,3,4,3,3
KR_025_2_002,3,2,2,2,3,2
KR_028_2_002,3,3,3,2,3,3
KR_030_2_002,3,4,4,4,4,4
KR_031_2_002,3,3,3,3,3,3
KR_034_2_002,3,3,3,3,3,4
KR_035_2_002,3,2,3,2,2,3
KR_038_2_002,3,3,2,2,3,3
KR_040_2_002,3,3,2,2,3,3
KR_041_2_002,3,3,3,3,3,3
KR_043_2_002,3,3,2,2,3,2
KR_044_2_002,3,5,5,5,5,5
KR_045_2_002,3,3,4,4,4,4
KR_046_2_002,3,4,5,5,4,5
KR_049_2_002,3,4,2,4,3,4
KR_052_2_002,3,3,2,3,4,3
KR_054_2_002,3,3,3,3,3,3
KR_055_2_002,3,3,3,3,3,3
KR_056_2_002,3,3,3,3,3,4
KR_058_2_002,3,3,3,3,3,4
KR_060_2_002,3,3,3,4,4,4
KR_063_2_002,3,2,2,3,3,2
KR_066_2_002,3,2,3,2,3,3
KR_068_2_002,3,3,2,2,3,3
KR_070_2_002,3,4,4,4,4,5
KR_071_2_002,3,4,4,4,4,4
KR_074_2_002,3,4,3,3,3,4
KR_077_2_002,3,2,2,3,3,3
KR_080_2_002,3,3,4,4,4,4
KR_082_2_002,3,3,3,2,3,3
KR_083_2_002,3,4,4,4,3,5
KR_086_2_002,3,3,4,4,4,4
KR_088_2_002,3,3,3,3,3,3
KR_089_2_002,3,3,4,4,3,4
KR_092_2_002,3,3,4,4,4,4
KR_093_2_002,3,3,3,3,3,3
KR_095_2_002,3,5,5,5,5,5
KR_097_2_002,3,3,4,4,4,4
KR_098_2_002,3,3,2,2,3,2
KR_100_2_002,3,3,3,3,3,3
KR_102_2_002,3,1,1,2,2,2
KR_103_2_002,3,2,2,2,2,3
KR_104_2_002,3,4,3,3,3,4
KR_114_2_002,3,5,4,4,4,5
KR_115_2_002,3,5,4,5,4,4
KR_116_2_002,3,3,3,2,3,3
KR_117_2_002,3,4,4,4,4,3
KR_120_2_002,3,4,3,4,3,4
KR_121_2_002,3,3,2,2,3,3
KR_122_2_002,3,4,3,3,3,3
KR_123_2_002,3,2,3,3,3,3
KR_125_2_002,3,3,3,3,3,3
KR_126_2_002,3,3,3,3,4,4
KR_129_2_002,3,3,3,3,3,3
KR_131_2_002,3,3,4,3,3,3
KR_135_2_002,3,2,2,2,3,3
KR_137_2_002,3,5,5,5,4,4
KR_138_2_002,3,4,3,4,3,4
KR_139_2_002,3,2,1,1,3,2
KR_140_2_002,3,3,4,4,3,3
KR_142_2_002,3,3,3,3,3,3
KR_143_2_002,3,2,2,2,3,3
KR_144_2_002,3,2,2,2,3,2
KR_145_2_002,3,3,3,3,3,4
KR_146_2_002,3,2,2,2,3,2
KR_147_2_002,3,2,3,2,2,2
KR_149_2_002,3,3,3,3,4,3
KR_150_2_002,3,3,2,2,2,3
KR_154_2_002,3,3,3,3,3,3
KR_156_2_002,3,2,2,2,2,2
KR_157_2_002,3,4,3,3,4,5
KR_162_2_002,3,3,3,2,3,3
KR_166_2_002,3,5,4,5,5,5
KR_168_2_002,3,5,4,5,4,5
KR_170_2_002,3,5,4,4,5,4
KR_173_2_002,3,5,5,5,5,5
KR_175_2_002,3,5,4,4,4,5
KR_178_2_002,3,3,4,3,4,4
KR_179_2_002,3,5,4,3,4,4
KR_180_2_002,3,4,3,4,4,4
KR_181_2_002,3,5,5,5,5,5
KR_183_2_002,3,5,4,4,4,4
KR_189_2_002,3,4,3,3,3,3
KR_191_2_002,3,3,3,3,3,3
KR_192_2_002,3,4,4,3,3,4
KR_193_2_002,3,3,4,4,4,3
KR_196_2_002,3,5,4,4,4,4
KR_197_2_002,3,3,3,3,3,4
KR_198_2_002,3,4,5,5,4,5
KR_199_2_002,3,1,1,2,2,2
KR_001_2_007,4,2,2,2,3,3
KR_004_2_007,4,2,2,1,2,2
KR_005_2_007,4,2,2,2,3,3
KR_008_2_007,4,3,2,2,3,3
KR_010_2_007,4,3,2,2,3,3
KR_011_2_007,4,2,3,3,3,4
KR_014_2_007,4,2,2,1,2,2
KR_015_2_007,4,2,3,2,3,3
KR_019_2_007,4,3,3,2,3,3
KR_020_2_007,4,3,4,4,4,4
KR_024_2_007,4,4,4,3,3,5
KR_025_2_007,4,3,3,3,3,3
KR_028_2_007,4,2,2,1,2,3
KR_030_2_007,4,3,4,3,4,4
KR_031_2_007,4,3,3,2,3,3
KR_034_2_007,4,4,4,4,4,4
KR_035_2_007,4,1,2,1,1,3
KR_038_2_007,4,3,2,2,3,3
KR_040_2_007,4,2,2,1,2,2
KR_041_2_007,4,3,3,2,3,3
KR_043_2_007,4,2,3,2,3,4
KR_044_2_007,4,4,5,5,5,5
KR_045_2_007,4,4,4,4,4,5
KR_046_2_007,4,4,4,4,4,5
KR_049_2_007,4,3,3,3,3,3
KR_052_2_007,4,3,3,3,3,3
KR_054_2_007,4,3,4,3,3,4
KR_055_2_007,4,2,3,2,3,3
KR_056_2_007,4,4,5,5,4,4
KR_058_2_007,4,4,4,4,4,5
KR_060_2_007,4,3,3,3,3,4
KR_063_2_007,4,3,3,3,3,4
KR_066_2_007,4,3,3,2,3,3
KR_068_2_007,4,3,2,2,3,3
KR_070_2_007,4,4,4,5,5,4
KR_071_2_007,4,3,3,3,3,4
KR_074_2_007,4,3,4,3,3,4
KR_077_2_007,4,3,3,2,3,3
KR_080_2_007,4,3,4,3,3,4
KR_082_2_007,4,3,2,2,3,3
KR_083_2_007,4,4,4,4,4,4
KR_086_2_007,4,3,4,3,3,4
KR_088_2_007,4,4,5,4,5,4
KR_089_2_007,4,3,4,4,5,4
KR_092_2_007,4,4,3,3,3,4
KR_093_2_007,4,3,4,3,3,4
KR_095_2_007,4,4,3,3,4,4
KR_097_2_007,4,3,3,3,5,4
KR_098_2_007,4,3,4,3,3,4
KR_100_2_007,4,3,3,3,3,4
KR_102_2_007,4,1,2,1,2,3
KR_103_2_007,4,3,2,2,3,3
KR_104_2_007,4,2,2,2,3,3
KR_114_2_007,4,4,4,4,3,4
KR_115_2_007,4,4,4,3,4,3
KR_116_2_007,4,3,3,2,3,3
KR_117_2_007,4,5,5,3,4,5
KR_120_2_007,4,4,4,3,4,4
KR_121_2_007,4,2,2,2,2,3
KR_122_2_007,4,3,3,3,4,4
KR_123_2_007,4,2,2,2,3,3
KR_125_2_007,4,3,3,3,3,3
KR_126_2_007,4,3,2,2,3,3
KR_129_2_007,4,3,2,2,3,3
KR_131_2_007,4,2,3,2,3,3
KR_135_2_007,4,3,2,2,3,3
KR_137_2_007,4,4,3,3,4,4
KR_138_2_007,4,4,4,3,4,4
KR_139_2_007,4,3,2,1,3,3
KR_140_2_007,4,3,4,3,4,4
KR_142_2_007,4,3,3,3,3,4
KR_143_2_007,4,2,2,2,3,3
KR_144_2_007,4,1,1,1,1,2
KR_145_2_007,4,2,3,2,3,3
KR_146_2_007,4,3,3,2,3,3
KR_147_2_007,4,2,2,1,2,3
KR_149_2_007,4,2,2,2,3,3
KR_150_2_007,4,3,3,2,3,3
KR_154_2_007,4,3,3,3,3,4
KR_156_2_007,4,3,2,1,3,3
KR_157_2_007,4,3,3,3,5,4
KR_162_2_007,4,3,3,3,3,3
KR_166_2_007,4,4,4,4,3,4
KR_168_2_007,4,4,5,3,3,4
KR_170_2_007,4,4,4,3,4,4
KR_173_2_007,4,5,5,4,5,5
KR_175_2_007,4,4,4,4,4,4
KR_178_2_007,4,3,3,3,4,5
KR_179_2_007,4,4,5,3,4,5
KR_180_2_007,4,5,4,4,4,5
KR_181_2_007,4,4,4,4,3,5
KR_183_2_007,4,5,5,4,5,5
KR_189_2_007,4,3,4,3,3,4
KR_191_2_007,4,4,3,3,3,4
KR_192_2_007,4,3,4,3,3,4
KR_193_2_007,4,3,3,3,3,4
KR_196_2_007,4,4,4,4,4,4
KR_197_2_007,4,3,3,3,3,4
KR_198_2_007,4,4,4,3,3,5
KR_199_2_007,4,2,2,2,2,2
KR_001_2_012,5,3,2,3,3,3
KR_004_2_012,5,3,3,2,3,3
KR_005_2_012,5,3,2,1,2,2
KR_008_2_012,5,2,3,2,2,2
KR_010_2_012,5,3,3,3,3,3
KR_011_2_012,5,3,3,3,3,4
KR_014_2_012,5,2,2,2,2,2
KR_015_2_012,5,3,2,2,2,3
KR_019_2_012,5,3,3,3,3,3
KR_020_2_012,5,4,4,4,3,4
KR_024_2_012,5,4,3,4,3,4
KR_025_2_012,5,3,2,3,3,3
KR_028_2_012,5,2,2,2,2,2
KR_030_2_012,5,4,4,4,3,3
KR_031_2_012,5,3,3,3,3,3
KR_034_2_012,5,4,4,4,4,4
KR_035_2_012,5,3,2,3,2,2
KR_038_2_012,5,3,2,3,3,3
KR_040_2_012,5,2,2,2,2,2
KR_041_2_012,5,3,3,3,3,3
KR_043_2_012,5,3,3,3,3,3
KR_044_2_012,5,5,5,5,5,5
KR_045_2_012,5,4,4,4,3,4
KR_046_2_012,5,4,4,4,4,4
KR_049_2_012,5,3,3,3,3,3
KR_052_2_012,5,4,3,3,3,3
KR_054_2_012,5,4,4,4,4,4
KR_055_2_012,5,3,3,3,3,3
KR_056_2_012,5,4,3,4,4,4
KR_058_2_012,5,4,4,4,4,4
KR_060_2_012,5,4,3,3,3,4
KR_063_2_012,5,3,3,3,3,3
KR_066_2_012,5,3,3,3,3,3
KR_068_2_012,5,3,3,3,3,3
KR_070_2_012,5,4,4,4,4,4
KR_071_2_012,5,4,3,4,4,3
KR_074_2_012,5,4,4,4,4,4
KR_077_2_012,5,3,3,3,3,3
KR_080_2_012,5,5,4,4,4,4
KR_082_2_012,5,3,3,3,2,3
KR_083_2_012,5,4,4,4,4,4
KR_086_2_012,5,4,4,4,4,4
KR_088_2_012,5,5,5,5,5,4
KR_089_2_012,5,4,4,3,3,3
KR_092_2_012,5,4,3,4,3,4
KR_093_2_012,5,4,4,4,4,4
KR_095_2_012,5,5,4,5,4,4
KR_097_2_012,5,4,4,4,4,4
KR_098_2_012,5,3,3,3,3,3
KR_100_2_012,5,3,2,3,2,3
KR_102_2_012,5,3,2,2,2,2
KR_103_2_012,5,2,3,3,2,2
KR_104_2_012,5,1,1,1,1,2
KR_114_2_012,5,4,4,5,4,5
KR_115_2_012,5,4,4,5,4,4
KR_116_2_012,5,3,3,3,3,3
KR_117_2_012,5,5,4,4,4,4
KR_120_2_012,5,4,3,3,3,4
KR_121_2_012,5,3,2,3,3,3
KR_122_2_012,5,3,3,3,3,3
KR_123_2_012,5,3,2,3,3,3
KR_125_2_012,5,3,3,3,2,3
KR_126_2_012,5,3,3,3,3,3
KR_129_2_012,5,2,2,2,3,3
KR_131_2_012,5,3,3,3,3,3
KR_135_2_012,5,3,2,3,2,3
KR_137_2_012,5,4,3,4,3,3
KR_138_2_012,5,4,4,4,3,4
KR_139_2_012,5,2,2,2,3,2
KR_140_2_012,5,5,4,4,3,4
KR_142_2_012,5,5,4,5,4,4
KR_143_2_012,5,3,3,4,3,3
KR_144_2_012,5,2,2,2,2,2
KR_145_2_012,5,3,3,3,3,3
KR_146_2_012,5,3,3,3,3,3
KR_147_2_012,5,2,2,2,2,2
KR_149_2_012,5,4,3,3,3,3
KR_150_2_012,5,3,3,3,3,3
KR_154_2_012,5,4,3,3,3,4
KR_156_2_012,5,2,2,1,2,2
KR_157_2_012,5,4,3,4,4,4
KR_162_2_012,5,3,3,2,3,3
KR_166_2_012,5,5,5,5,5,5
KR_168_2_012,5,5,4,5,4,5
KR_170_2_012,5,4,4,4,4,4
KR_173_2_012,5,5,5,5,5,5
KR_175_2_012,5,5,4,4,4,5
KR_178_2_012,5,4,4,4,4,4
KR_179_2_012,5,5,5,5,5,5
KR_180_2_012,5,4,3,4,3,3
KR_181_2_012,5,5,5,5,5,5
KR_183_2_012,5,5,4,4,4,5
KR_189_2_012,5,4,3,4,3,4
KR_191_2_012,5,3,3,3,3,4
KR_192_2_012,5,4,4,5,4,4
KR_193_2_012,5,4,3,4,4,4
KR_196_2_012,5,5,4,4,4,4
KR_197_2_012,5,4,4,4,4,4
KR_198_2_012,5,4,4,5,4,5
KR_199_2_012,5,3,2,3,3,2
KR_001_2_014,6,3,2,3,3,2
KR_004_2_014,6,3,2,3,3,1
KR_005_2_014,6,2,2,2,2,1
KR_008_2_014,6,2,2,3,2,1
KR_010_2_014,6,3,3,3,3,3
KR_011_2_014,6,3,3,3,3,3
KR_014_2_014,6,2,2,2,2,2
KR_015_2_014,6,3,3,3,3,3
KR_019_2_014,6,3,3,3,3,2
KR_020_2_014,6,4,4,4,3,4
KR_024_2_014,6,4,4,3,3,4
KR_025_2_014,6,3,3,3,3,2
KR_028_2_014,6,3,2,3,3,2
KR_030_2_014,6,4,3,4,3,3
KR_031_2_014,6,3,3,3,2,3
KR_034_2_014,6,4,4,4,4,4
KR_035_2_014,6,3,3,3,3,2
KR_038_2_014,6,3,3,3,3,3
KR_040_2_014,6,2,3,3,3,2
KR_041_2_014,6,3,3,3,3,2
KR_043_2_014,6,3,3,3,3,3
KR_044_2_014,6,3,5,5,5,5
KR_045_2_014,6,3,3,4,3,3
KR_046_2_014,6,5,5,4,4,4
KR_049_2_014,6,4,3,3,3,4
KR_052_2_014,6,4,3,3,4,4
KR_054_2_014,6,4,4,4,4,4
KR_055_2_014,6,3,3,3,3,3
KR_056_2_014,6,4,2,3,3,2
KR_058_2_014,6,4,3,4,3,4
KR_060_2_014,6,4,3,3,4,4
KR_063_2_014,6,3,3,3,3,3
KR_066_2_014,6,3,2,3,3,2
KR_068_2_014,6,3,3,3,3,2
KR_070_2_014,6,4,4,5,4,4
KR_071_2_014,6,4,4,3,3,4
KR_074_2_014,6,3,3,3,3,3
KR_077_2_014,6,4,3,3,4,3
KR_080_2_014,6,3,3,3,3,3
KR_082_2_014,6,3,3,3,3,2
KR_083_2_014,6,4,4,4,4,4
KR_086_2_014,6,4,4,3,4,4
KR_088_2_014,6,4,5,5,5,4
KR_089_2_014,6,4,3,3,3,3
KR_092_2_014,6,4,4,3,3,3
KR_093_2_014,6,4,4,4,4,4
KR_095_2_014,6,4,4,4,4,4
KR_097_2_014,6,3,3,3,3,3
KR_098_2_014,6,3,3,3,3,2
KR_100_2_014,6,3,3,3,3,2
KR_102_2_014,6,2,1,2,2,1
KR_103_2_014,6,3,2,2,2,1
KR_104_2_014,6,3,2,1,2,1
KR_114_2_014,6,5,4,5,4,4
KR_115_2_014,6,4,4,4,3,4
KR_116_2_014,6,3,4,3,3,3
KR_117_2_014,6,5,5,5,4,4
KR_120_2_014,6,3,3,4,4,4
KR_121_2_014,6,3,3,3,3,3
KR_122_2_014,6,3,3,3,3,2
KR_123_2_014,6,2,2,3,2,2
KR_125_2_014,6,3,3,3,3,3
KR_126_2_014,6,3,3,2,3,2
KR_129_2_014,6,2,1,2,2,2
KR_131_2_014,6,3,3,3,3,3
KR_135_2_014,6,3,2,3,2,3
KR_137_2_014,6,5,4,4,3,4
KR_138_2_014,6,4,4,5,4,4
KR_139_2_014,6,3,2,3,2,2
KR_140_2_014,6,4,4,4,4,4
KR_142_2_014,6,5,4,4,4,3
KR_143_2_014,6,3,3,3,3,2
KR_144_2_014,6,1,2,1,2,1
KR_145_2_014,6,3,3,3,3,3
KR_146_2_014,6,3,2,3,3,2
KR_147_2_014,6,2,3,2,3,1
KR_149_2_014,6,3,3,3,3,3
KR_150_2_014,6,3,3,3,3,3
KR_154_2_014,6,4,4,3,4,3
KR_156_2_014,6,2,2,2,2,1
KR_157_2_014,6,4,4,4,5,4
KR_162_2_014,6,3,3,3,3,3
KR_166_2_014,6,5,5,5,5,5
KR_168_2_014,6,4,4,4,4,4
KR_170_2_014,6,4,4,5,4,4
KR_173_2_014,6,5,5,5,5,5
KR_175_2_014,6,4,3,3,3,4
KR_178_2_014,6,4,4,4,4,5
KR_179_2_014,6,4,4,4,4,4
KR_180_2_014,6,4,3,4,3,4
KR_181_2_014,6,5,5,5,4,5
KR_183_2_014,6,4,4,4,4,4
KR_189_2_014,6,4,3,4,3,3
KR_191_2_014,6,3,3,4,3,2
KR_192_2_014,6,4,5,4,4,4
KR_193_2_014,6,3,3,4,3,2
KR_196_2_014,6,4,4,4,4,4
KR_197_2_014,6,4,3,3,3,3
KR_198_2_014,6,5,5,4,4,4
KR_199_2_014,6,3,2,3,3,2
KR_001_4_001,7,3,3,3,3,3
KR_004_4_001,7,4,3,3,2,3
KR_005_4_001,7,2,2,2,2,2
KR_008_4_001,7,3,3,3,3,3
KR_010_4_001,7,2,3,2,2,3
KR_011_4_001,7,3,3,3,3,3
KR_014_4_001,7,2,1,1,2,1
KR_015_4_001,7,3,3,3,3,4
KR_019_4_001,7,3,3,3,3,3
KR_020_4_001,7,4,3,4,3,4
KR_024_4_001,7,4,4,4,3,4
KR_025_4_001,7,3,2,3,3,3
KR_028_4_001,7,3,2,3,3,2
KR_030_4_001,7,4,4,4,4,4
KR_031_4_001,7,3,2,3,3,3
KR_034_4_001,7,4,3,3,4,4
KR_035_4_001,7,3,2,3,3,2
KR_038_4_001,7,3,3,3,2,3
KR_040_4_001,7,2,3,2,2,2
KR_041_4_001,7,3,3,3,3,3
KR_043_4_001,7,3,2,3,2,3
KR_044_4_001,7,5,5,5,4,5
KR_045_4_001,7,5,4,5,4,4
KR_046_4_001,7,4,4,3,4,5
KR_049_4_001,7,3,3,3,3,3
KR_052_4_001,7,3,2,3,3,3
KR_054_4_001,7,4,4,3,4,4
KR_055_4_001,7,3,3,3,3,3
KR_056_4_001,7,4,3,3,4,4
KR_058_4_001,7,4,4,3,4,5
KR_060_4_001,7,4,3,4,4,4
KR_063_4_001,7,3,2,3,3,3
KR_066_4_001,7,4,3,3,3,4
KR_068_4_001,7,3,2,3,2,2
KR_070_4_001,7,4,4,4,4,4
KR_071_4_001,7,4,3,3,3,3
KR_074_4_001,7,3,2,3,2,2
KR_077_4_001,7,3,3,3,3,3
KR_080_4_001,7,4,4,3,3,4
KR_082_4_001,7,3,2,3,2,3
KR_083_4_001,7,4,4,5,3,5
KR_086_4_001,7,4,4,4,5,5
KR_088_4_001,7,5,5,5,5,5
KR_089_4_001,7,4,3,3,3,4
KR_092_4_001,7,4,4,4,3,4
KR_093_4_001,7,4,3,3,3,4
KR_095_4_001,7,4,4,4,4,4
KR_097_4_001,7,4,4,3,4,3
KR_098_4_001,7,3,3,3,3,3
KR_100_4_001,7,3,3,3,3,4
KR_102_4_001,7,2,2,1,2,2
KR_103_4_001,7,2,2,2,2,2
KR_104_4_001,7,2,2,1,2,2
KR_114_4_001,7,4,4,3,3,4
KR_115_4_001,7,4,4,4,4,4
KR_116_4_001,7,3,2,3,2,3
KR_117_4_001,7,5,5,4,4,4
KR_120_4_001,7,4,4,4,3,5
KR_121_4_001,7,3,2,3,2,3
KR_122_4_001,7,3,3,3,3,4
KR_123_4_001,7,3,3,3,3,3
KR_125_4_001,7,3,3,3,3,3
KR_126_4_001,7,3,3,2,3,2
KR_129_4_001,7,3,2,3,3,3
KR_131_4_001,7,3,3,3,3,3
KR_135_4_001,7,2,2,3,2,3
KR_137_4_001,7,5,4,4,4,4
KR_138_4_001,7,5,4,4,4,5
KR_139_4_001,7,3,2,3,2,3
KR_140_4_001,7,4,4,5,4,3
KR_142_4_001,7,4,4,3,4,4
KR_143_4_001,7,3,3,3,3,3
KR_144_4_001,7,1,1,1,2,2
KR_145_4_001,7,4,3,3,3,3
KR_146_4_001,7,3,3,3,3,3
KR_147_4_001,7,3,3,3,3,3
KR_149_4_001,7,3,2,3,3,3
KR_150_4_001,7,3,2,3,2,2
KR_154_4_001,7,4,3,4,4,4
KR_156_4_001,7,2,2,2,3,2
KR_157_4_001,7,4,3,4,4,4
KR_162_4_001,7,2,2,2,2,2
KR_166_4_001,7,5,4,4,5,5
KR_168_4_001,7,4,5,4,5,5
KR_170_4_001,7,4,4,3,4,4
KR_173_4_001,7,5,5,5,5,5
KR_175_4_001,7,4,4,4,4,5
KR_178_4_001,7,4,4,4,4,4
KR_179_4_001,7,5,4,4,4,5
KR_180_4_001,7,5,4,3,4,5
KR_181_4_001,7,5,5,4,5,5
KR_183_4_001,7,4,4,4,4,5
KR_189_4_001,7,4,3,3,4,3
KR_191_4_001,7,3,3,3,3,3
KR_192_4_001,7,4,3,3,3,3
KR_193_4_001,7,4,4,4,3,4
KR_196_4_001,7,4,3,4,3,4
KR_197_4_001,7,4,3,4,3,5
KR_198_4_001,7,5,5,5,4,4
KR_199_4_001,7,2,2,2,2,2
KR_001_4_002,8,3,2,2,3,3
KR_004_4_002,8,3,2,3,3,3
KR_005_4_002,8,3,2,3,2,2
KR_008_4_002,8,3,3,3,2,3
KR_010_4_002,8,3,2,3,3,3
KR_011_4_002,8,3,3,3,3,4
KR_014_4_002,8,2,2,1,2,2
KR_015_4_002,8,3,3,3,3,3
KR_019_4_002,8,2,2,3,3,2
KR_020_4_002,8,4,3,4,4,4
KR_024_4_002,8,4,4,4,3,4
KR_025_4_002,8,4,3,3,3,3
KR_028_4_002,8,3,2,3,2,2
KR_030_4_002,8,4,3,3,3,4
KR_031_4_002,8,3,3,3,3,3
KR_034_4_002,8,4,4,3,4,4
KR_035_4_002,8,3,2,2,2,3
KR_038_4_002,8,3,2,3,2,3
KR_040_4_002,8,2,3,1,2,2
KR_041_4_002,8,3,2,2,2,2
KR_043_4_002,8,3,2,3,3,3
KR_044_4_002,8,5,5,5,5,5
KR_045_4_002,8,5,4,5,4,4
KR_046_4_002,8,4,3,3,4,4
KR_049_4_002,8,4,3,4,4,4
KR_052_4_002,8,3,2,3,3,2
KR_054_4_002,8,4,3,4,4,5
KR_055_4_002,8,3,3,3,3,3
KR_056_4_002,8,4,4,4,4,3
KR_058_4_002,8,4,4,4,3,4
KR_060_4_002,8,4,3,3,3,4
KR_063_4_002,8,3,3,3,3,3
KR_066_4_002,8,3,3,3,3,2
KR_068_4_002,8,3,2,3,2,3
KR_070_4_002,8,5,5,5,4,4
KR_071_4_002,8,4,3,4,3,4
KR_074_4_002,8,4,3,3,3,4
KR_077_4_002,8,4,3,3,3,4
KR_080_4_002,8,4,3,4,3,4
KR_082_4_002,8,3,2,2,2,2
KR_083_4_002,8,4,3,4,3,4
KR_086_4_002,8,4,4,5,4,4
KR_088_4_002,8,4,4,4,4,4
KR_089_4_002,8,4,4,4,4,4
KR_092_4_002,8,4,4,4,4,4
KR_093_4_002,8,4,3,3,3,4
KR_095_4_002,8,4,4,5,4,4
KR_097_4_002,8,4,4,5,4,4
KR_098_4_002,8,4,3,3,3,3
KR_100_4_002,8,3,2,3,3,3
KR_102_4_002,8,2,3,2,2,2
KR_103_4_002,8,3,2,2,2,2
KR_104_4_002,8,3,3,2,3,3
KR_114_4_002,8,4,4,4,3,4
KR_115_4_002,8,4,3,3,4,4
KR_116_4_002,8,3,3,3,3,3
KR_117_4_002,8,5,4,4,4,4
KR_120_4_002,8,4,3,3,3,4
KR_121_4_002,8,3,3,3,3,3
KR_122_4_002,8,4,2,3,3,3
KR_123_4_002,8,3,3,3,2,3
KR_125_4_002,8,3,2,3,2,3
KR_126_4_002,8,4,3,3,3,4
KR_129_4_002,8,3,3,3,2,3
KR_131_4_002,8,3,3,3,3,3
KR_135_4_002,8,2,2,2,2,2
KR_137_4_002,8,4,3,3,4,4
KR_138_4_002,8,4,3,4,4,4
KR_139_4_002,8,2,1,2,1,2
KR_140_4_002,8,4,3,3,3,4
KR_142_4_002,8,4,4,5,4,4
KR_143_4_002,8,3,3,3,3,3
KR_144_4_002,8,2,1,1,2,2
KR_145_4_002,8,4,2,2,3,2
KR_146_4_002,8,3,2,3,3,3
KR_147_4_002,8,3,3,3,2,3
KR_149_4_002,8,3,3,3,3,3
KR_150_4_002,8,3,3,3,3,3
KR_154_4_002,8,4,3,4,3,3
KR_156_4_002,8,3,3,3,3,3
KR_157_4_002,8,4,3,3,4,4
KR_162_4_002,8,3,2,2,3,2
KR_166_4_002,8,5,4,4,4,5
KR_168_4_002,8,4,4,5,4,5
KR_170_4_002,8,4,4,4,4,3
KR_173_4_002,8,4,4,5,4,4
KR_175_4_002,8,4,4,4,4,4
KR_178_4_002,8,4,5,4,4,4
KR_179_4_002,8,5,4,4,5,5
KR_180_4_002,8,4,4,4,4,4
KR_181_4_002,8,5,4,4,5,5
KR_183_4_002,8,5,4,4,4,5
KR_189_4_002,8,3,4,4,3,4
KR_191_4_002,8,4,3,4,3,4
KR_192_4_002,8,5,4,4,4,4
KR_193_4_002,8,4,3,3,3,4
KR_196_4_002,8,4,4,4,4,4
KR_197_4_002,8,4,3,3,3,4
KR_198_4_002,8,4,4,5,4,4
KR_199_4_002,8,2,2,2,2,2
KR_001_4_003,9,2,1,2,1,2
KR_004_4_003,9,3,3,3,3,3
KR_005_4_003,9,2,2,3,2,2
KR_008_4_003,9,3,3,3,3,3
KR_010_4_003,9,3,2,2,3,2
KR_011_4_003,9,3,3,2,3,3
KR_014_4_003,9,1,1,1,1,2
KR_015_4_003,9,3,3,3,3,3
KR_019_4_003,9,3,2,2,2,2
KR_020_4_003,9,4,3,4,4,4
KR_024_4_003,9,4,4,4,3,4
KR_025_4_003,9,4,3,3,3,3
KR_028_4_003,9,2,2,2,2,2
KR_030_4_003,9,3,4,3,4,4
KR_031_4_003,9,3,3,3,3,3
KR_034_4_003,9,5,3,3,4,4
KR_035_4_003,9,2,2,2,3,3
KR_038_4_003,9,2,3,2,2,3
KR_040_4_003,9,1,2,2,2,2
KR_041_4_003,9,3,3,3,2,2
KR_043_4_003,9,3,3,3,3,3
KR_044_4_003,9,4,5,5,5,5
KR_045_4_003,9,4,4,4,4,4
KR_046_4_003,9,4,4,4,4,4
KR_049_4_003,9,4,3,3,4,4
KR_052_4_003,9,4,3,4,3,3
KR_054_4_003,9,4,3,4,3,3
KR_055_4_003,9,3,3,3,2,2
KR_056_4_003,9,4,2,3,3,3
KR_058_4_003,9,4,5,4,3,4
KR_060_4_003,9,4,3,3,3,3
KR_063_4_003,9,3,3,3,3,4
KR_066_4_003,9,3,3,3,3,2
KR_068_4_003,9,3,2,3,3,2
KR_070_4_003,9,4,5,4,4,5
KR_071_4_003,9,4,4,4,4,4
KR_074_4_003,9,3,3,3,3,4
KR_077_4_003,9,3,4,4,3,4
KR_080_4_003,9,4,4,5,3,4
KR_082_4_003,9,3,3,3,3,3
KR_083_4_003,9,4,3,4,3,4
KR_086_4_003,9,4,4,5,4,5
KR_088_4_003,9,4,4,5,4,4
KR_089_4_003,9,4,3,3,3,3
KR_092_4_003,9,4,3,3,3,4
KR_093_4_003,9,4,3,4,3,4
KR_095_4_003,9,4,3,3,3,4
KR_097_4_003,9,3,4,4,3,3
KR_098_4_003,9,3,3,3,3,3
KR_100_4_003,9,3,3,3,2,3
KR_102_4_003,9,2,2,2,2,2
KR_103_4_003,9,2,2,2,2,2
KR_104_4_003,9,2,2,3,3,2
KR_114_4_003,9,5,4,4,4,5
KR_115_4_003,9,5,4,4,3,4
KR_116_4_003,9,3,3,3,3,2
KR_117_4_003,9,4,4,4,4,5
KR_120_4_003,9,4,4,4,3,4
KR_121_4_003,9,3,3,3,2,3
KR_122_4_003,9,3,3,3,3,3
KR_123_4_003,9,2,1,2,3,2
KR_125_4_003,9,2,2,3,2,3
KR_126_4_003,9,3,3,3,3,4
KR_129_4_003,9,3,3,3,3,3
KR_131_4_003,9,3,3,3,3,4
KR_135_4_003,9,2,2,2,2,2
KR_137_4_003,9,4,4,3,3,4
KR_138_4_003,9,4,4,4,4,4
KR_139_4_003,9,3,1,3,3,2
KR_140_4_003,9,3,3,5,3,3
KR_142_4_003,9,4,4,4,3,4
KR_143_4_003,9,3,3,3,3,3
KR_144_4_003,9,2,1,1,1,1
KR_145_4_003,9,3,2,3,2,3
KR_146_4_003,9,2,2,3,2,3
KR_147_4_003,9,3,3,3,3,3
KR_149_4_003,9,2,2,2,3,3
KR_150_4_003,9,3,4,3,3,3
KR_154_4_003,9,4,4,3,3,3
KR_156_4_003,9,2,2,1,2,2
KR_157_4_003,9,5,4,4,4,5
KR_162_4_003,9,2,2,2,2,1
KR_166_4_003,9,4,5,5,4,5
KR_168_4_003,9,5,5,5,4,4
KR_170_4_003,9,4,4,4,5,4
KR_173_4_003,9,5,5,5,5,5
KR_175_4_003,9,4,5,4,3,4
KR_178_4_003,9,4,4,4,4,5
KR_179_4_003,9,4,4,5,4,5
KR_180_4_003,9,4,3,4,3,4
KR_181_4_003,9,5,5,5,5,5
KR_183_4_003,9,4,4,4,4,5
KR_189_4_003,9,3,3,3,3,3
KR_191_4_003,9,3,4,3,3,3
KR_192_4_003,9,4,4,4,4,4
KR_193_4_003,9,4,4,3,3,3
KR_196_4_003,9,4,4,3,3,4
KR_197_4_003,9,4,3,3,3,4
KR_198_4_003,9,4,4,5,4,5
KR_199_4_003,9,2,2,2,2,2
KR_001_4_004,10,3,3,3,3,3
KR_004_4_004,10,3,3,2,3,2
KR_005_4_004,10,3,3,3,3,3
KR_008_4_004,10,3,3,3,3,3
KR_010_4_004,10,2,2,2,2,2
KR_011_4_004,10,3,3,3,3,3
KR_014_4_004,10,2,2,2,2,2
KR_015_4_004,10,3,3,3,3,3
KR_019_4_004,10,3,3,2,2,3
KR_020_4_004,10,4,3,5,3,4
KR_024_4_004,10,4,4,4,3,5
KR_025_4_004,10,3,2,3,3,2
KR_028_4_004,10,3,3,3,2,2
KR_030_4_004,10,4,4,5,3,4
KR_031_4_004,10,3,2,2,2,3
KR_034_4_004,10,4,4,4,4,4
KR_035_4_004,10,3,2,3,2,3
KR_038_4_004,10,3,3,3,3,3
KR_040_4_004,10,2,2,2,2,2
KR_041_4_004,10,3,4,3,2,3
KR_043_4_004,10,3,3,3,3,3
KR_044_4_004,10,5,5,5,5,5
KR_045_4_004,10,4,3,5,4,3
KR_046_4_004,10,4,4,4,3,4
KR_049_4_004,10,4,3,4,4,4
KR_052_4_004,10,4,4,4,3,4
KR_054_4_004,10,4,4,4,4,4
KR_055_4_004,10,3,2,3,2,3
KR_056_4_004,10,3,3,3,4,3
KR_058_4_004,10,4,3,4,4,4
KR_060_4_004,10,4,3,4,3,4
KR_063_4_004,10,3,3,3,3,3
KR_066_4_004,10,3,3,4,3,4
KR_068_4_004,10,3,3,3,3,3
KR_070_4_004,10,4,5,5,4,4
KR_071_4_004,10,3,3,3,3,4
KR_074_4_004,10,4,3,4,4,3
KR_077_4_004,10,3,3,3,3,4
KR_080_4_004,10,3,4,3,4,4
KR_082_4_004,10,3,3,3,3,3
KR_083_4_004,10,4,4,4,3,5
KR_086_4_004,10,4,4,4,4,4
KR_088_4_004,10,5,5,5,4,5
KR_089_4_004,10,4,4,4,4,4
KR_092_4_004,10,4,4,5,4,5
KR_093_4_004,10,4,4,4,3,4
KR_095_4_004,10,3,4,4,3,4
KR_097_4_004,10,4,3,4,3,4
KR_098_4_004,10,3,3,3,2,2
KR_100_4_004,10,3,3,3,3,3
KR_102_4_004,10,2,2,2,2,2
KR_103_4_004,10,3,2,3,3,2
KR_104_4_004,10,3,2,3,3,2
KR_114_4_004,10,4,4,5,4,4
KR_115_4_004,10,4,3,4,4,4
KR_116_4_004,10,3,3,3,3,3
KR_117_4_004,10,5,4,5,4,5
KR_120_4_004,10,4,4,4,3,4
KR_121_4_004,10,3,3,3,3,3
KR_122_4_004,10,4,3,3,3,3
KR_123_4_004,10,3,3,3,3,3
KR_125_4_004,10,3,3,3,3,3
KR_126_4_004,10,4,3,3,3,4
KR_129_4_004,10,3,3,3,3,3
KR_131_4_004,10,3,3,4,3,3
KR_135_4_004,10,3,2,3,3,3
KR_137_4_004,10,5,3,4,3,5
KR_138_4_004,10,4,4,5,4,4
KR_139_4_004,10,3,2,2,2,2
KR_140_4_004,10,4,4,5,5,4
KR_142_4_004,10,4,4,5,4,5
KR_143_4_004,10,3,3,3,3,3
KR_144_4_004,10,1,2,2,2,1
KR_145_4_004,10,3,3,3,2,4
KR_146_4_004,10,3,3,3,3,3
KR_147_4_004,10,3,3,3,3,3
KR_149_4_004,10,3,3,2,2,3
KR_150_4_004,10,4,3,3,3,3
KR_154_4_004,10,4,3,4,3,4
KR_156_4_004,10,3,2,3,2,3
KR_157_4_004,10,4,3,5,4,5
KR_162_4_004,10,3,2,3,2,2
KR_166_4_004,10,4,4,4,4,4
KR_168_4_004,10,4,3,4,3,4
KR_170_4_004,10,4,4,4,5,3
KR_173_4_004,10,5,5,5,5,5
KR_175_4_004,10,4,4,5,3,5
KR_178_4_004,10,4,4,5,4,5
KR_179_4_004,10,4,4,4,3,5
KR_180_4_004,10,4,4,4,4,4
KR_181_4_004,10,5,4,5,4,5
KR_183_4_004,10,4,4,5,4,5
KR_189_4_004,10,4,4,4,3,3
KR_191_4_004,10,4,4,4,3,4
KR_192_4_004,10,4,4,5,4,4
KR_193_4_004,10,4,3,4,4,4
KR_196_4_004,10,4,4,4,4,5
KR_197_4_004,10,4,3,3,3,3
KR_198_4_004,10,5,5,5,4,5
KR_199_4_004,10,3,2,3,2,2
KR_001_4_005,11,3,3,3,3,4
KR_004_4_005,11,2,2,2,2,3
KR_005_4_005,11,2,2,2,2,2
KR_008_4_005,11,3,3,3,3,4
KR_010_4_005,11,3,2,3,3,3
KR_011_4_005,11,3,2,3,3,3
KR_014_4_005,11,2,2,2,2,2
KR_015_4_005,11,3,3,3,3,4
KR_019_4_005,11,3,3,3,3,3
KR_020_4_005,11,4,4,4,3,4
KR_024_4_005,11,3,3,4,3,4
KR_025_4_005,11,4,3,3,3,3
KR_028_4_005,11,3,2,3,2,3
KR_030_4_005,11,4,4,4,3,4
KR_031_4_005,11,2,2,3,3,3
KR_034_4_005,11,4,3,4,4,4
KR_035_4_005,11,3,2,2,2,3
KR_038_4_005,11,3,2,3,3,3
KR_040_4_005,11,2,2,1,2,2
KR_041_4_005,11,3,3,3,3,3
KR_043_4_005,11,3,3,3,3,4
KR_044_4_005,11,5,5,5,5,5
KR_045_4_005,11,5,4,5,4,4
KR_046_4_005,11,4,4,4,4,5
KR_049_4_005,11,4,4,3,3,3
KR_052_4_005,11,4,3,4,3,4
KR_054_4_005,11,4,4,4,4,5
KR_055_4_005,11,3,3,3,3,3
KR_056_4_005,11,4,3,3,3,4
KR_058_4_005,11,4,4,4,3,5
KR_060_4_005,11,3,3,3,3,4
KR_063_4_005,11,3,3,3,3,3
KR_066_4_005,11,3,3,3,3,3
KR_068_4_005,11,3,2,2,3,3
KR_070_4_005,11,3,4,5,4,4
KR_071_4_005,11,4,4,4,4,4
KR_074_4_005,11,4,3,3,3,4
KR_077_4_005,11,3,3,3,3,4
KR_080_4_005,11,5,4,4,4,4
KR_082_4_005,11,3,3,2,3,3
KR_083_4_005,11,4,3,4,4,4
KR_086_4_005,11,4,4,4,4,5
KR_088_4_005,11,3,5,5,5,5
KR_089_4_005,11,4,3,4,4,4
KR_092_4_005,11,5,4,4,4,5
KR_093_4_005,11,4,4,4,3,5
KR_095_4_005,11,4,5,5,4,5
KR_097_4_005,11,3,4,4,3,4
KR_098_4_005,11,3,3,3,2,3
KR_100_4_005,11,3,3,2,3,3
KR_102_4_005,11,2,2,2,2,2
KR_103_4_005,11,3,2,3,3,3
KR_104_4_005,11,2,2,2,2,2
KR_114_4_005,11,4,4,4,4,5
KR_115_4_005,11,5,4,4,4,5
KR_116_4_005,11,3,3,3,3,4
KR_117_4_005,11,4,4,4,4,5
KR_120_4_005,11,4,4,4,4,5
KR_121_4_005,11,3,3,3,3,4
KR_122_4_005,11,3,3,3,3,4
KR_123_4_005,11,3,2,3,3,3
KR_125_4_005,11,3,3,3,3,4
KR_126_4_005,11,3,2,3,3,3
KR_129_4_005,11,3,2,3,3,3
KR_131_4_005,11,3,3,3,3,3
KR_135_4_005,11,3,2,3,3,3
KR_137_4_005,11,4,3,3,3,4
KR_138_4_005,11,5,4,4,4,5
KR_139_4_005,11,3,2,3,2,3
KR_140_4_005,11,4,3,4,4,4
KR_142_4_005,11,4,4,4,4,4
KR_143_4_005,11,3,3,3,3,3
KR_144_4_005,11,1,1,1,2,2
KR_145_4_005,11,2,2,2,2,3
KR_146_4_005,11,3,3,3,3,4
KR_147_4_005,11,2,2,2,3,3
KR_149_4_005,11,3,2,3,3,3
KR_150_4_005,11,3,3,3,3,3
KR_154_4_005,11,4,3,3,3,4
KR_156_4_005,11,2,2,2,2,2
KR_157_4_005,11,4,3,4,4,4
KR_162_4_005,11,2,2,1,2,2
KR_166_4_005,11,5,4,4,4,5
KR_168_4_005,11,5,4,5,4,5
KR_170_4_005,11,4,3,4,4,4
KR_173_4_005,11,5,5,5,5,4
KR_175_4_005,11,4,4,4,3,4
KR_178_4_005,11,4,4,3,4,4
KR_179_4_005,11,5,4,4,4,5
KR_180_4_005,11,4,4,3,4,5
KR_181_4_005,11,5,4,5,5,5
KR_183_4_005,11,4,4,4,4,5
KR_189_4_005,11,4,3,3,3,4
KR_191_4_005,11,3,3,3,3,3
KR_192_4_005,11,4,4,4,3,4
KR_193_4_005,11,4,3,3,3,4
KR_196_4_005,11,4,4,4,4,5
KR_197_4_005,11,4,3,3,3,4
KR_198_4_005,11,5,4,5,4,4
KR_199_4_005,11,3,2,2,2,3
KR_001_7_003,12,3,3,3,3,3
KR_004_7_003,12,3,3,3,3,4
KR_005_7_003,12,2,2,2,1,3
KR_008_7_003,12,2,2,3,2,3
KR_010_7_003,12,2,3,3,2,4
KR_011_7_003,12,3,3,3,3,4
KR_014_7_003,12,2,2,2,2,3
KR_015_7_003,12,3,3,3,3,3
KR_019_7_003,12,3,3,3,3,4
KR_020_7_003,12,3,3,3,3,4
KR_024_7_003,12,4,3,4,3,5
KR_025_7_003,12,3,3,2,3,3
KR_028_7_003,12,3,2,3,3,3
KR_030_7_003,12,4,3,5,3,4
KR_031_7_003,12,3,3,3,2,3
KR_034_7_003,12,4,3,4,3,4
KR_035_7_003,12,3,2,3,2,3
KR_038_7_003,12,3,3,3,3,3
KR_040_7_003,12,2,3,3,3,4
KR_041_7_003,12,3,3,3,4,4
KR_043_7_003,12,2,3,3,3,4
KR_044_7_003,12,5,5,5,5,5
KR_045_7_003,12,4,4,4,5,4
KR_046_7_003,12,4,4,4,3,4
KR_049_7_003,12,4,3,3,3,4
KR_052_7_003,12,4,3,4,3,4
KR_054_7_003,12,4,4,3,4,4
KR_055_7_003,12,3,3,3,3,4
KR_056_7_003,12,3,3,3,3,3
KR_058_7_003,12,4,4,4,3,5
KR_060_7_003,12,4,3,4,3,4
KR_063_7_003,12,3,3,3,2,3
KR_066_7_003,12,3,4,3,3,5
KR_068_7_003,12,2,3,3,2,3
KR_070_7_003,12,4,4,5,4,4
KR_071_7_003,12,4,4,5,4,4
KR_074_7_003,12,4,3,4,3,4
KR_077_7_003,12,2,3,3,2,3
KR_080_7_003,12,4,4,4,4,5
KR_082_7_003,12,3,3,3,3,4
KR_083_7_003,12,4,4,4,3,4
KR_086_7_003,12,4,4,4,4,4
KR_088_7_003,12,4,5,5,5,4
KR_089_7_003,12,4,4,4,4,4
KR_092_7_003,12,4,4,4,4,4
KR_093_7_003,12,4,4,4,3,5
KR_095_7_003,12,5,5,5,5,5
KR_097_7_003,12,3,3,3,3,3
KR_098_7_003,12,3,3,3,3,4
KR_100_7_003,12,3,3,3,3,4
KR_102_7_003,12,2,2,2,2,3
KR_103_7_003,12,3,3,3,2,3
KR_104_7_003,12,3,3,3,3,3
KR_114_7_003,12,4,4,4,4,4
KR_115_7_003,12,4,3,4,3,4
KR_116_7_003,12,3,3,3,3,4
KR_117_7_003,12,4,4,4,4,4
KR_120_7_003,12,4,3,3,3,4
KR_121_7_003,12,3,3,3,3,3
KR_122_7_003,12,3,3,3,2,3
KR_123_7_003,12,3,3,3,3,4
KR_125_7_003,12,3,3,3,3,4
KR_126_7_003,12,3,3,3,3,4
KR_129_7_003,12,2,2,3,2,3
KR_131_7_003,12,3,4,4,3,4
KR_135_7_003,12,2,2,2,2,3
KR_137_7_003,12,4,4,4,4,4
KR_138_7_003,12,4,4,4,4,4
KR_139_7_003,12,3,3,3,2,3
KR_140_7_003,12,5,4,5,5,4
KR_142_7_003,12,4,4,5,5,5
KR_143_7_003,12,3,3,3,3,4
KR_144_7_003,12,2,2,3,2,3
KR_145_7_003,12,3,3,4,3,4
KR_146_7_003,12,3,3,3,3,4
KR_147_7_003,12,2,2,3,2,4
KR_149_7_003,12,3,3,3,3,4
KR_150_7_003,12,3,3,3,3,3
KR_154_7_003,12,4,3,4,3,4
KR_156_7_003,12,2,3,3,3,3
KR_157_7_003,12,5,4,4,4,4
KR_162_7_003,12,3,3,3,3,3
KR_166_7_003,12,5,5,5,5,5
KR_168_7_003,12,5,5,5,4,5
KR_170_7_003,12,4,3,4,5,5
KR_173_7_003,12,5,5,5,5,4
KR_175_7_003,12,5,4,5,4,5
KR_178_7_003,12,4,4,5,4,5
KR_179_7_003,12,4,4,4,4,4
KR_180_7_003,12,3,4,3,4,4
KR_181_7_003,12,4,4,4,5,5
KR_183_7_003,12,5,3,3,4,4
KR_189_7_003,12,3,3,3,3,4
KR_191_7_003,12,3,2,3,3,4
KR_192_7_003,12,4,4,5,4,4
KR_193_7_003,12,4,4,5,4,4
KR_196_7_003,12,3,3,3,3,4
KR_197_7_003,12,4,3,3,3,4
KR_198_7_003,12,5,5,5,4,5
KR_199_7_003,12,3,2,3,2,3
KR_001_2_013,13,3,2,2,2,3
KR_004_2_013,13,2,2,2,2,3
KR_005_2_013,13,1,2,2,2,2
KR_008_2_013,13,2,2,1,3,2
KR_010_2_013,13,2,3,3,2,3
KR_011_2_013,13,3,3,3,2,4
KR_014_2_013,13,2,1,1,2,2
KR_015_2_013,13,2,2,3,3,2
KR_019_2_013,13,2,1,3,2,3
KR_020_2_013,13,3,3,4,3,4
KR_024_2_013,13,4,3,4,3,4
KR_025_2_013,13,3,2,3,3,3
KR_028_2_013,13,1,1,2,1,1
KR_030_2_013,13,4,4,4,3,4
KR_031_2_013,13,3,2,2,1,3
KR_034_2_013,13,4,3,4,4,4
KR_035_2_013,13,2,2,1,2,2
KR_038_2_013,13,3,3,3,3,3
KR_040_2_013,13,1,1,1,1,1
KR_041_2_013,13,3,3,3,3,3
KR_043_2_013,13,3,3,3,3,4
KR_044_2_013,13,5,5,5,5,5
KR_045_2_013,13,4,4,4,4,4
KR_046_2_013,13,4,4,5,4,4
KR_049_2_013,13,4,3,3,3,4
KR_052_2_013,13,3,3,3,3,3
KR_054_2_013,13,4,3,3,3,4
KR_055_2_013,13,3,3,3,3,4
KR_056_2_013,13,4,3,3,3,4
KR_058_2_013,13,4,4,5,4,5
KR_060_2_013,13,3,3,3,4,4
KR_063_2_013,13,3,2,3,3,3
KR_066_2_013,13,2,3,3,2,3
KR_068_2_013,13,3,3,3,3,3
KR_070_2_013,13,4,4,4,5,5
KR_071_2_013,13,4,3,3,4,3
KR_074_2_013,13,4,3,3,3,4
KR_077_2_013,13,3,3,4,3,4
KR_080_2_013,13,4,5,4,3,4
KR_082_2_013,13,3,2,3,3,3
KR_083_2_013,13,4,4,3,4,4
KR_086_2_013,13,4,4,4,4,4
KR_088_2_013,13,4,4,4,4,4
KR_089_2_013,13,4,3,3,3,4
KR_092_2_013,13,4,3,3,3,4
KR_093_2_013,13,4,3,4,4,4
KR_095_2_013,13,5,3,5,4,5
KR_097_2_013,13,4,4,4,4,4
KR_098_2_013,13,3,3,3,3,4
KR_100_2_013,13,3,3,3,2,3
KR_102_2_013,13,2,2,2,2,2
KR_103_2_013,13,2,2,3,2,2
KR_104_2_013,13,2,3,2,2,2
KR_114_2_013,13,4,4,4,4,4
KR_115_2_013,13,4,3,3,3,5
KR_116_2_013,13,3,3,3,3,4
KR_117_2_013,13,4,4,4,4,4
KR_120_2_013,13,4,3,3,3,3
KR_121_2_013,13,2,2,3,2,3
KR_122_2_013,13,3,3,3,3,3
KR_123_2_013,13,3,2,3,3,3
KR_125_2_013,13,3,3,3,3,4
KR_126_2_013,13,3,3,3,3,3
KR_129_2_013,13,2,2,3,2,3
KR_131_2_013,13,1,3,2,2,3
KR_135_2_013,13,3,3,3,3,3
KR_137_2_013,13,4,3,3,4,4
KR_138_2_013,13,3,3,3,4,4
KR_139_2_013,13,2,2,3,2,2
KR_140_2_013,13,4,4,4,4,4
KR_142_2_013,13,4,4,4,5,5
KR_143_2_013,13,3,2,2,3,3
KR_144_2_013,13,2,2,2,2,2
KR_145_2_013,13,3,2,3,2,3
KR_146_2_013,13,3,3,3,3,3
KR_147_2_013,13,3,3,2,2,3
KR_149_2_013,13,2,2,3,3,3
KR_150_2_013,13,3,3,3,3,3
KR_154_2_013,13,3,3,3,3,4
KR_156_2_013,13,2,2,2,2,2
KR_157_2_013,13,4,4,4,4,4
KR_162_2_013,13,2,2,2,2,2
KR_166_2_013,13,4,4,4,4,4
KR_168_2_013,13,5,4,5,4,5
KR_170_2_013,13,4,3,4,4,4
KR_173_2_013,13,4,5,5,5,4
KR_175_2_013,13,4,4,3,4,4
KR_178_2_013,13,4,3,5,4,4
KR_179_2_013,13,4,3,4,4,4
KR_180_2_013,13,4,3,3,3,4
KR_181_2_013,13,5,4,4,5,5
KR_183_2_013,13,4,3,4,4,5
KR_189_2_013,13,3,3,3,3,3
KR_191_2_013,13,3,3,3,3,4
KR_192_2_013,13,4,4,4,3,5
KR_193_2_013,13,4,3,4,3,4
KR_196_2_013,13,4,3,4,4,5
KR_197_2_013,13,4,3,3,3,4
KR_198_2_013,13,5,4,4,4,4
KR_199_2_013,13,2,2,2,2,2
KR_001_3_019,14,2,2,3,2,3
KR_004_3_019,14,3,3,3,3,3
KR_005_3_019,14,1,1,1,1,2
KR_008_3_019,14,2,3,3,3,3
KR_010_3_019,14,3,3,3,3,3
KR_011_3_019,14,3,3,3,3,3
KR_014_3_019,14,2,2,2,2,2
KR_015_3_019,14,2,3,3,3,3
KR_019_3_019,14,2,3,3,3,3
KR_020_3_019,14,4,4,4,4,4
KR_024_3_019,14,3,3,3,3,3
KR_025_3_019,14,3,2,3,2,3
KR_028_3_019,14,3,2,3,2,2
KR_030_3_019,14,4,3,4,3,4
KR_031_3_019,14,3,3,3,2,3
KR_034_3_019,14,4,3,3,3,3
KR_035_3_019,14,2,3,3,3,3
KR_038_3_019,14,3,2,3,3,3
KR_040_3_019,14,2,2,2,2,2
KR_041_3_019,14,3,3,3,4,3
KR_043_3_019,14,2,3,3,2,4
KR_044_3_019,14,5,5,5,5,5
KR_045_3_019,14,4,4,5,4,4
KR_046_3_019,14,4,3,3,3,4
KR_049_3_019,14,3,3,3,4,3
KR_052_3_019,14,3,3,3,3,4
KR_054_3_019,14,3,3,4,4,4
KR_055_3_019,14,3,3,3,3,3
KR_056_3_019,14,3,3,3,3,4
KR_058_3_019,14,4,3,5,3,5
KR_060_3_019,14,3,3,3,3,3
KR_063_3_019,14,3,3,3,3,3
KR_066_3_019,14,2,3,3,2,3
KR_068_3_019,14,3,3,3,3,3
KR_070_3_019,14,4,3,4,4,4
KR_071_3_019,14,4,3,3,4,4
KR_074_3_019,14,3,3,3,3,3
KR_077_3_019,14,3,3,3,4,3
KR_080_3_019,14,4,4,4,4,4
KR_082_3_019,14,3,3,3,2,3
KR_083_3_019,14,3,4,4,3,4
KR_086_3_019,14,4,4,4,4,4
KR_088_3_019,14,5,5,4,5,4
KR_089_3_019,14,3,3,3,4,3
KR_092_3_019,14,4,3,4,3,4
KR_093_3_019,14,4,4,4,3,4
KR_095_3_019,14,3,3,4,4,4
KR_097_3_019,14,3,3,4,3,4
KR_098_3_019,14,2,3,3,2,3
KR_100_3_019,14,3,3,3,2,3
KR_102_3_019,14,2,2,1,2,3
KR_103_3_019,14,2,2,3,2,2
KR_104_3_019,14,1,2,2,2,2
KR_114_3_019,14,4,4,5,3,4
KR_115_3_019,14,3,3,3,3,3
KR_116_3_019,14,3,3,3,3,3
KR_117_3_019,14,4,3,4,3,4
KR_120_3_019,14,4,4,3,3,4
KR_121_3_019,14,2,3,3,2,3
KR_122_3_019,14,2,3,3,2,4
KR_123_3_019,14,3,3,3,2,3
KR_125_3_019,14,3,3,3,3,3
KR_126_3_019,14,2,2,3,2,3
KR_129_3_019,14,2,1,3,2,2
KR_131_3_019,14,3,3,3,3,3
KR_135_3_019,14,2,2,3,2,3
KR_137_3_019,14,4,3,4,3,4
KR_138_3_019,14,4,4,4,4,4
KR_139_3_019,14,2,1,2,2,3
KR_140_3_019,14,3,3,4,3,4
KR_142_3_019,14,3,3,3,4,3
KR_143_3_019,14,3,3,3,3,3
KR_144_3_019,14,2,2,1,2,2
KR_145_3_019,14,2,3,3,2,3
KR_146_3_019,14,3,3,3,2,3
KR_147_3_019,14,2,3,3,3,3
KR_149_3_019,14,3,3,3,3,3
KR_150_3_019,14,2,2,3,2,3
KR_154_3_019,14,3,3,4,3,3
KR_156_3_019,14,2,2,1,2,2
KR_157_3_019,14,3,3,3,3,4
KR_162_3_019,14,2,2,3,2,2
KR_166_3_019,14,5,5,5,4,5
KR_168_3_019,14,5,5,5,5,5
KR_170_3_019,14,4,4,4,4,4
KR_173_3_019,14,5,5,5,5,5
KR_175_3_019,14,4,4,4,3,3
KR_178_3_019,14,4,4,5,5,5
KR_179_3_019,14,4,4,4,4,4
KR_180_3_019,14,4,4,4,4,4
KR_181_3_019,14,5,4,5,4,5
KR_183_3_019,14,4,3,3,3,4
KR_189_3_019,14,3,3,3,3,3
KR_191_3_019,14,4,4,3,3,3
KR_192_3_019,14,5,5,5,4,5
KR_193_3_019,14,3,3,3,3,3
KR_196_3_019,14,4,4,4,4,5
KR_197_3_019,14,3,3,3,3,4
KR_198_3_019,14,5,4,5,5,5
KR_199_3_019,14,2,2,2,3,3
KR_001_3_009,15,3,3,3,3,3
KR_004_3_009,15,2,3,2,2,3
KR_005_3_009,15,3,3,3,2,2
KR_008_3_009,15,3,3,3,2,3
KR_010_3_009,15,3,2,3,3,3
KR_011_3_009,15,3,3,3,3,3
KR_014_3_009,15,2,2,1,2,3
KR_015_3_009,15,3,3,3,3,3
KR_019_3_009,15,3,3,2,3,3
KR_020_3_009,15,4,4,4,4,4
KR_024_3_009,15,3,3,3,4,4
KR_025_3_009,15,3,3,3,3,3
KR_028_3_009,15,2,2,2,2,3
KR_030_3_009,15,4,3,4,4,4
KR_031_3_009,15,2,2,2,3,3
KR_034_3_009,15,4,3,3,4,4
KR_035_3_009,15,3,3,3,2,3
KR_038_3_009,15,3,3,3,3,4
KR_040_3_009,15,2,2,1,3,2
KR_041_3_009,15,2,3,3,3,3
KR_043_3_009,15,3,3,3,3,4
KR_044_3_009,15,5,5,5,5,5
KR_045_3_009,15,4,3,3,4,4
KR_046_3_009,15,4,4,4,4,4
KR_049_3_009,15,3,3,3,4,4
KR_052_3_009,15,3,3,3,3,3
KR_054_3_009,15,3,3,3,3,4
KR_055_3_009,15,3,3,3,3,3
KR_056_3_009,15,4,3,3,4,4
KR_058_3_009,15,3,4,4,3,5
KR_060_3_009,15,3,3,3,3,4
KR_063_3_009,15,3,3,3,3,3
KR_066_3_009,15,2,3,3,3,3
KR_068_3_009,15,3,3,3,2,3
KR_070_3_009,15,4,3,4,4,4
KR_071_3_009,15,3,3,4,4,4
KR_074_3_009,15,4,3,3,3,4
KR_077_3_009,15,4,3,4,3,4
KR_080_3_009,15,4,4,5,5,5
KR_082_3_009,15,3,3,3,3,3
KR_083_3_009,15,4,3,4,3,4
KR_086_3_009,15,4,4,5,5,4
KR_088_3_009,15,4,5,5,5,4
KR_089_3_009,15,4,3,4,4,3
KR_092_3_009,15,4,4,4,4,4
KR_093_3_009,15,3,3,4,3,4
KR_095_3_009,15,4,3,4,4,4
KR_097_3_009,15,4,4,5,4,4
KR_098_3_009,15,3,3,3,3,4
KR_100_3_009,15,2,2,2,3,3
KR_102_3_009,15,2,2,2,2,2
KR_103_3_009,15,3,3,3,3,3
KR_104_3_009,15,2,3,2,2,2
KR_114_3_009,15,4,4,4,3,4
KR_115_3_009,15,3,3,4,4,4
KR_116_3_009,15,3,3,3,3,3
KR_117_3_009,15,5,4,4,4,5
KR_120_3_009,15,3,3,3,3,4
KR_121_3_009,15,3,3,3,3,3
KR_122_3_009,15,3,3,3,3,3
KR_123_3_009,15,3,2,3,3,3
KR_125_3_009,15,3,3,3,3,3
KR_126_3_009,15,3,3,3,3,3
KR_129_3_009,15,2,2,2,2,3
KR_131_3_009,15,3,3,3,3,4
KR_135_3_009,15,2,3,2,3,3
KR_137_3_009,15,4,2,3,4,3
KR_138_3_009,15,3,3,4,4,4
KR_139_3_009,15,3,2,2,2,3
KR_140_3_009,15,4,3,5,4,4
KR_142_3_009,15,4,3,4,4,4
KR_143_3_009,15,3,3,3,2,3
KR_144_3_009,15,2,2,1,2,2
KR_145_3_009,15,3,2,3,2,3
KR_146_3_009,15,3,2,3,2,3
KR_147_3_009,15,1,2,1,2,3
KR_149_3_009,15,3,2,3,3,3
KR_150_3_009,15,3,3,3,3,3
KR_154_3_009,15,3,3,3,3,3
KR_156_3_009,15,2,2,2,3,2
KR_157_3_009,15,4,3,4,5,4
KR_162_3_009,15,3,3,3,3,3
KR_166_3_009,15,5,5,5,4,5
KR_168_3_009,15,3,4,4,4,5
KR_170_3_009,15,4,4,4,4,4
KR_173_3_009,15,4,5,5,5,5
KR_175_3_009,15,4,3,5,4,5
KR_178_3_009,15,3,4,4,4,4
KR_179_3_009,15,4,4,4,5,5
KR_180_3_009,15,4,3,5,4,5
KR_181_3_009,15,5,4,5,5,5
KR_183_3_009,15,4,3,3,4,4
KR_189_3_009,15,3,3,3,3,3
KR_191_3_009,15,4,3,4,3,4
KR_192_3_009,15,4,3,4,3,4
KR_193_3_009,15,3,3,3,3,4
KR_196_3_009,15,4,4,4,4,5
KR_197_3_009,15,4,3,4,4,4
KR_198_3_009,15,4,4,5,4,5
KR_199_3_009,15,3,2,2,2,3
